,A_E37,A_EE36,A_ISM,A_SE45,A_Y4I,B_E37,B_EE36,B_ISM,B_SE45,B_Y4I,C_E37,C_EE36,C_ISM,C_SE45,C_Y4I,D_E37,D_EE36,D_ISM,D_SE45,D_Y4I,E_E37,E_EE36,E_ISM,E_SE45,E_Y4I
0,0.255940356,0.247234247,0.400080167,0.059371493,0.037373737,0.280986888,0.220174833,0.31541868,0.015873016,0.167546584,0.19774593,0.19342706,0.251505834,0.033914188,0.323406988,0.27344479,0.180818618,0.328428605,0.035241912,0.182066075,0.232040069,0.161701412,0.326684313,0.052521109,0.227053097
1,0.000910747,0.207140042,0.198719132,0.022550451,0.572068517,0.012736368,0.185977374,0.193723916,0.014352859,0.593209483,0.007407407,0.009485095,0.135514881,0.001683502,0.845909115,0,0.051832036,0.05801384,0.021580241,0.868573883,0,0.028854248,0.071489204,0,0.899656548
2,0.000419463,0.127916441,0.136006681,0.047591997,0.688065418,0.001949762,0.25561024,0.106862793,0.042906555,0.592670651,0,0.051322398,0.052547814,0.040226048,0.855903741,0,0.255257457,0.145022783,0.036403857,0.563315902,0.003295241,0.062269104,0.128723205,0.025839307,0.779873144
3,0.022727273,0.229166667,0.017045455,0.068181818,0.662878788,0,0.071428571,0,0.071428571,0.857142857,0,0.065656566,0.040740741,0.007936508,0.885666186,0.05014881,0.158814103,0.075778388,0.077712912,0.637545788,0.09375,0.03125,0,0.166666667,0.708333333
